-- MySQL Script generated by MySQL Workbench
-- Wed May 21 23:11:37 2025
-- Model: New Model    Version: 1.0
-- MySQL Workbench Forward Engineering

SET @OLD_UNIQUE_CHECKS=@@UNIQUE_CHECKS, UNIQUE_CHECKS=0;
SET @OLD_FOREIGN_KEY_CHECKS=@@FOREIGN_KEY_CHECKS, FOREIGN_KEY_CHECKS=0;
SET @OLD_SQL_MODE=@@SQL_MODE, SQL_MODE='ONLY_FULL_GROUP_BY,STRICT_TRANS_TABLES,NO_ZERO_IN_DATE,NO_ZERO_DATE,ERROR_FOR_DIVISION_BY_ZERO,NO_ENGINE_SUBSTITUTION';

-- -----------------------------------------------------
-- Schema autos-direct
-- -----------------------------------------------------
DROP SCHEMA IF EXISTS `autos-direct` ;

-- -----------------------------------------------------
-- Schema autos-direct
-- -----------------------------------------------------
CREATE SCHEMA IF NOT EXISTS `autos-direct` DEFAULT CHARACTER SET utf8mb4 COLLATE utf8mb4_0900_ai_ci ;
USE `autos-direct` ;

-- -----------------------------------------------------
-- Table `autos-direct`.`users`
-- -----------------------------------------------------
DROP TABLE IF EXISTS `autos-direct`.`users` ;

CREATE TABLE IF NOT EXISTS `autos-direct`.`users` (
  `userID` VARCHAR(36) NOT NULL,
  `firstName` VARCHAR(45) NOT NULL,
  `lastName` VARCHAR(45) NOT NULL,
  `emailAddress` VARCHAR(45) NOT NULL,
  `passwordHash` VARCHAR(60) NOT NULL,
  `phone` VARCHAR(45) NOT NULL,
  `createdTime` DATETIME NOT NULL,
  `streetNo` VARCHAR(45) NOT NULL,
  `streetName` VARCHAR(45) NOT NULL,
  `suburb` VARCHAR(45) NOT NULL,
  `postcode` INT NOT NULL,
  `user_status` ENUM('Active', 'Inactive') NOT NULL DEFAULT 'Active', 
  PRIMARY KEY (`userID`),
  UNIQUE INDEX `emailAddress-UNIQUE` (`emailAddress` ASC) VISIBLE,
  INDEX `user_status-idx` (`user_status` ASC) VISIBLE)
ENGINE = InnoDB
DEFAULT CHARACTER SET = utf8mb4
COLLATE = utf8mb4_0900_ai_ci;


-- -----------------------------------------------------
-- Table `autos-direct`.`employees`
-- -----------------------------------------------------
DROP TABLE IF EXISTS `autos-direct`.`employees` ;

CREATE TABLE IF NOT EXISTS `autos-direct`.`employees` (
  `employeeID` VARCHAR(36) NOT NULL,
  `userID` VARCHAR(36) NOT NULL,
  `title` VARCHAR(45) NULL DEFAULT NULL,
  `department` VARCHAR(45) NULL DEFAULT NULL,
  PRIMARY KEY (`employeeID`),
  INDEX `userID-idx` (`userID` ASC) VISIBLE,
  CONSTRAINT `employees-userID`
    FOREIGN KEY (`userID`)
    REFERENCES `autos-direct`.`users` (`userID`))
ENGINE = InnoDB
DEFAULT CHARACTER SET = utf8mb4
COLLATE = utf8mb4_0900_ai_ci;


-- -----------------------------------------------------
-- Table `autos-direct`.`manufacturers`
-- -----------------------------------------------------
DROP TABLE IF EXISTS `autos-direct`.`manufacturers` ;

CREATE TABLE IF NOT EXISTS `autos-direct`.`manufacturers` (
  `manufacturerID` VARCHAR(36) NOT NULL,
  `manufacturerName` VARCHAR(45) NOT NULL,
  `ABN` VARCHAR(45) NOT NULL,
  `country` VARCHAR(45) NOT NULL,
  `manufacturerStatus` ENUM('Active', 'Inactive') NOT NULL DEFAULT 'Active', 
  PRIMARY KEY (`manufacturerID`),
  INDEX `manufacturerStatus-idx` (`manufacturerStatus` ASC) VISIBLE)
ENGINE = InnoDB
DEFAULT CHARACTER SET = utf8mb4
COLLATE = utf8mb4_0900_ai_ci;


-- -----------------------------------------------------
-- Table `autos-direct`.`makes`
-- -----------------------------------------------------
DROP TABLE IF EXISTS `autos-direct`.`makes` ;

CREATE TABLE IF NOT EXISTS `autos-direct`.`makes` (
  `makeID` VARCHAR(36) NOT NULL,
  `manufacturerID` VARCHAR(36) NOT NULL,
  `makeName` VARCHAR(45) NOT NULL,
  PRIMARY KEY (`makeID`),
  INDEX `manufacturerID-idx` (`manufacturerID` ASC) VISIBLE,
  CONSTRAINT `makes-manufacturerID`
    FOREIGN KEY (`manufacturerID`)
    REFERENCES `autos-direct`.`manufacturers` (`manufacturerID`))
ENGINE = InnoDB
DEFAULT CHARACTER SET = utf8mb4
COLLATE = utf8mb4_0900_ai_ci;


-- -----------------------------------------------------
-- Table `autos-direct`.`vehicles`
-- -----------------------------------------------------
DROP TABLE IF EXISTS `autos-direct`.`vehicles` ;

CREATE TABLE IF NOT EXISTS `autos-direct`.`vehicles` (
  `vehicleID` VARCHAR(36) NOT NULL,
  `makeID` VARCHAR(36) NOT NULL,
  `modelName` VARCHAR(45) NOT NULL,
  `bodyType` VARCHAR(45) NOT NULL,
  `fuel` VARCHAR(45) NOT NULL,
  `driveType` VARCHAR(45) NOT NULL,
  `cylinders` INT NOT NULL,
  `doors` INT NOT NULL,
  `description` LONGTEXT NOT NULL,
  `price` FLOAT NOT NULL DEFAULT '0',
  `colour` VARCHAR(45) NOT NULL,
  `transmission` VARCHAR(45) NOT NULL,
  `approvalStatus` ENUM('Approved', 'Pending Approval', 'Denied') NOT NULL DEFAULT 'Pending Approval',
  `deletedStatus` ENUM('Active', 'Deleted') NOT NULL DEFAULT 'Active',
  PRIMARY KEY (`vehicleID`),
  INDEX `makeID-idx` (`makeID` ASC) VISIBLE,
  CONSTRAINT `vehicles-makeID`
    FOREIGN KEY (`makeID`)
    REFERENCES `autos-direct`.`makes` (`makeID`))
ENGINE = InnoDB
DEFAULT CHARACTER SET = utf8mb4
COLLATE = utf8mb4_0900_ai_ci;


-- -----------------------------------------------------
-- Table `autos-direct`.`advice_requests`
-- -----------------------------------------------------
DROP TABLE IF EXISTS `autos-direct`.`advice_requests` ;

CREATE TABLE IF NOT EXISTS `autos-direct`.`advice_requests` (
  `requestID` VARCHAR(36) NOT NULL,
  `requesterID` VARCHAR(36) NOT NULL,
  `employeeID` VARCHAR(36) NULL DEFAULT NULL,
  `vehicleID` VARCHAR(36) NOT NULL,
  `status` ENUM('Pending', 'In Progress', 'Completed', 'Cancelled') NOT NULL,
  `description` LONGTEXT NOT NULL,
  `submittedAt` DATETIME NOT NULL DEFAULT CURRENT_TIMESTAMP,
  `closedAt` DATETIME NULL DEFAULT NULL,
  `closureNotes` LONGTEXT NULL DEFAULT NULL,
  PRIMARY KEY (`requestID`),
  INDEX `requesterID-idx` (`requesterID` ASC) VISIBLE,
  INDEX `employeeID-idx` (`employeeID` ASC) VISIBLE,
  INDEX `vehicleID-idx` (`vehicleID` ASC) VISIBLE,
  INDEX `status-idx` (`status` ASC) VISIBLE,
  CONSTRAINT `adviceRequests-employeeID`
    FOREIGN KEY (`employeeID`)
    REFERENCES `autos-direct`.`employees` (`employeeID`),
  CONSTRAINT `adviceRequests-requesterID`
    FOREIGN KEY (`requesterID`)
    REFERENCES `autos-direct`.`users` (`userID`),
  CONSTRAINT `adviceRequests-vehicleID`
    FOREIGN KEY (`vehicleID`)
    REFERENCES `autos-direct`.`vehicles` (`vehicleID`))
ENGINE = InnoDB
DEFAULT CHARACTER SET = utf8mb4
COLLATE = utf8mb4_0900_ai_ci;

-- -----------------------------------------------------
-- Table `autos-direct`.`dealers`
-- -----------------------------------------------------
CREATE TABLE IF NOT EXISTS `autos-direct`.`dealers` (
  `dealerID` VARCHAR(36) NOT NULL,
  `manufacturerID` VARCHAR(36) NOT NULL,
  `dealerName` VARCHAR(45) NOT NULL,
  `address` VARCHAR(255) NULL DEFAULT NULL,
  `latitude` DECIMAL(9,6) NULL DEFAULT NULL,
  `longitude` DECIMAL(9,6) NULL DEFAULT NULL,
  PRIMARY KEY (`dealerID`),
  INDEX `manufacturerID-idx` (`manufacturerID` ASC) VISIBLE,
  CONSTRAINT `dealers-manufacturerID`
    FOREIGN KEY (`manufacturerID`)
    REFERENCES `autos-direct`.`manufacturers` (`manufacturerID`))
ENGINE = InnoDB
DEFAULT CHARACTER SET = utf8mb4
COLLATE = utf8mb4_0900_ai_ci;

-- -----------------------------------------------------
-- Table `autos-direct`.`bank_details`
-- -----------------------------------------------------
DROP TABLE IF EXISTS `autos-direct`.`bank_details` ;

CREATE TABLE IF NOT EXISTS `autos-direct`.`bank_details` (
  `detailsID` VARCHAR(36) NOT NULL,
  `dealerID` VARCHAR(36) NOT NULL,
  `BSB` VARCHAR(45) NOT NULL,
  `ACC` VARCHAR(45) NOT NULL,
  PRIMARY KEY (`detailsID`),
  INDEX `bankDetails-manufacturerID_idx` (`dealerID` ASC) VISIBLE,
  CONSTRAINT `bankDetails-manufacturerID`
    FOREIGN KEY (`dealerID`)
    REFERENCES `autos-direct`.`dealers` (`dealerID`))
ENGINE = InnoDB
DEFAULT CHARACTER SET = utf8mb4
COLLATE = utf8mb4_0900_ai_ci; 

-- -----------------------------------------------------
-- Table `autos-direct`.`makes_images`
-- -----------------------------------------------------
DROP TABLE IF EXISTS `autos-direct`.`makes_images` ;

CREATE TABLE IF NOT EXISTS `autos-direct`.`makes_images` (
  `makesImageID` VARCHAR(36) NOT NULL,
  `makesID` VARCHAR(36) NOT NULL,
  `path` VARCHAR(60) NOT NULL,
  `uploadedAt` DATETIME NOT NULL,
  PRIMARY KEY (`makesImageID`),
  INDEX `manufacturer_idx` (`makesID` ASC) VISIBLE,
  CONSTRAINT `makes`
    FOREIGN KEY (`makesID`)
    REFERENCES `autos-direct`.`makes` (`makeID`))
ENGINE = InnoDB
DEFAULT CHARACTER SET = utf8mb4
COLLATE = utf8mb4_0900_ai_ci;


-- -----------------------------------------------------
-- Table `autos-direct`.`notifications`
-- -----------------------------------------------------
DROP TABLE IF EXISTS `autos-direct`.`notifications` ;

CREATE TABLE IF NOT EXISTS `autos-direct`.`notifications` (
  `notificationID` VARCHAR(36) NOT NULL,
  `userID` VARCHAR(36) NOT NULL,
  `status` ENUM('Read', 'Unread') NOT NULL,
  `date` DATETIME NOT NULL,
  `subject` LONGTEXT NOT NULL,
  `body` LONGTEXT NOT NULL,
  PRIMARY KEY (`notificationID`),
  INDEX `userID-idx` (`userID` ASC) VISIBLE,
  CONSTRAINT `notifications-userID`
    FOREIGN KEY (`userID`)
    REFERENCES `autos-direct`.`users` (`userID`))
ENGINE = InnoDB
DEFAULT CHARACTER SET = utf8mb4
COLLATE = utf8mb4_0900_ai_ci;


-- -----------------------------------------------------
-- Table `autos-direct`.`purchases`
-- -----------------------------------------------------
DROP TABLE IF EXISTS `autos-direct`.`purchases` ;

CREATE TABLE IF NOT EXISTS `autos-direct`.`purchases` (
  `purchaseID` VARCHAR(36) NOT NULL,
  `purchaserID` VARCHAR(36) NOT NULL,
  `vehicleID` VARCHAR(36) NOT NULL,
  `orderStatus` ENUM('Ongoing', 'Cancelled', 'Completed') NOT NULL DEFAULT 'Ongoing',
  `orderDate` DATETIME NOT NULL,
  `paymentStatus` ENUM('Unpaid', 'Paid') NOT NULL DEFAULT 'Unpaid',
  `paymentDate` DATETIME NULL DEFAULT NULL,
  `deliveryStatus` ENUM('Pending Delivery', 'Delivered') NOT NULL DEFAULT 'Pending Delivery',
  `deliveryDate` DATETIME NULL DEFAULT NULL,
  `notes` LONGTEXT NULL DEFAULT NULL,
  PRIMARY KEY (`purchaseID`),
  INDEX `purchaser-idx` (`purchaserID` ASC) VISIBLE,
  INDEX `vehicleID-idx` (`vehicleID` ASC) VISIBLE,
  CONSTRAINT `purchases-purchaser`
    FOREIGN KEY (`purchaserID`)
    REFERENCES `autos-direct`.`users` (`userID`),
  CONSTRAINT `purchases-vehicleID`
    FOREIGN KEY (`vehicleID`)
    REFERENCES `autos-direct`.`vehicles` (`vehicleID`))
ENGINE = InnoDB
DEFAULT CHARACTER SET = utf8mb4
COLLATE = utf8mb4_0900_ai_ci;


-- -----------------------------------------------------
-- Table `autos-direct`.`roles`
-- -----------------------------------------------------
DROP TABLE IF EXISTS `autos-direct`.`roles` ;

CREATE TABLE IF NOT EXISTS `autos-direct`.`roles` (
  `roleID` VARCHAR(36) NOT NULL,
  `label` VARCHAR(45) NOT NULL,
  PRIMARY KEY (`roleID`))
ENGINE = InnoDB
DEFAULT CHARACTER SET = utf8mb4
COLLATE = utf8mb4_0900_ai_ci;


-- -----------------------------------------------------
-- Table `autos-direct`.`saved_vehicle`
-- -----------------------------------------------------
DROP TABLE IF EXISTS `autos-direct`.`saved_vehicle` ;

CREATE TABLE IF NOT EXISTS `autos-direct`.`saved_vehicle` (
  `savedID` VARCHAR(36) NOT NULL,
  `userID` VARCHAR(36) NOT NULL,
  `vehicleID` VARCHAR(36) NOT NULL,
  `savedAt` DATETIME NOT NULL,
  PRIMARY KEY (`savedID`),
  INDEX `userID-idx` (`userID` ASC) VISIBLE,
  INDEX `vehicleID-idx` (`vehicleID` ASC) VISIBLE,
  CONSTRAINT `savedVehicle-userID`
    FOREIGN KEY (`userID`)
    REFERENCES `autos-direct`.`users` (`userID`),
  CONSTRAINT `savedVehicle-vehicleID`
    FOREIGN KEY (`vehicleID`)
    REFERENCES `autos-direct`.`vehicles` (`vehicleID`))
ENGINE = InnoDB
DEFAULT CHARACTER SET = utf8mb4
COLLATE = utf8mb4_0900_ai_ci;


-- -----------------------------------------------------
-- Table `autos-direct`.`test_drive_bookings`
-- -----------------------------------------------------
DROP TABLE IF EXISTS `autos-direct`.`test_drive_bookings` ;

CREATE TABLE IF NOT EXISTS `autos-direct`.`test_drive_bookings` (
  `bookingID` VARCHAR(36) NOT NULL,
  `userID` VARCHAR(36) NOT NULL,
  `vehicleID` VARCHAR(36) NOT NULL,
  `dealerID` VARCHAR(36) NOT NULL,
  `time` DATETIME NOT NULL,
  `status` ENUM('Pending', 'Booked', 'Completed', 'Cancelled') NOT NULL DEFAULT 'Pending',
  `customerNotes` LONGTEXT NULL,
  PRIMARY KEY (`bookingID`),
  INDEX `userID-idx` (`userID` ASC) VISIBLE,
  INDEX `vehicleID-idx` (`vehicleID` ASC) VISIBLE,
  INDEX `dealerID-idx` (`dealerID` ASC) VISIBLE,
  CONSTRAINT `testDriveBookings-dealerID`
    FOREIGN KEY (`dealerID`)
    REFERENCES `autos-direct`.`dealers` (`dealerID`),
  CONSTRAINT `testDriveBookings-userID`
    FOREIGN KEY (`userID`)
    REFERENCES `autos-direct`.`users` (`userID`),
  CONSTRAINT `testDriveBookings-vehicleID`
    FOREIGN KEY (`vehicleID`)
    REFERENCES `autos-direct`.`vehicles` (`vehicleID`))
ENGINE = InnoDB
DEFAULT CHARACTER SET = utf8mb4
COLLATE = utf8mb4_0900_ai_ci;


-- -----------------------------------------------------
-- Table `autos-direct`.`user_images`
-- -----------------------------------------------------
DROP TABLE IF EXISTS `autos-direct`.`user_images` ;

CREATE TABLE IF NOT EXISTS `autos-direct`.`user_images` (
  `imageID` VARCHAR(36) NOT NULL,
  `userID` VARCHAR(36) NOT NULL,
  `uploadedAt` DATETIME NOT NULL DEFAULT CURRENT_TIMESTAMP,
  PRIMARY KEY (`imageID`),
  INDEX `user_idx` (`userID` ASC) VISIBLE,
  CONSTRAINT `user`
    FOREIGN KEY (`userID`)
    REFERENCES `autos-direct`.`users` (`userID`))
ENGINE = InnoDB
DEFAULT CHARACTER SET = utf8mb4
COLLATE = utf8mb4_0900_ai_ci;


-- -----------------------------------------------------
-- Table `autos-direct`.`user_roles`
-- -----------------------------------------------------
DROP TABLE IF EXISTS `autos-direct`.`user_roles` ;

CREATE TABLE IF NOT EXISTS `autos-direct`.`user_roles` (
  `userRoleID` VARCHAR(36) NOT NULL,
  `userID` VARCHAR(36) NOT NULL,
  `roleID` VARCHAR(36) NOT NULL,
  `manufacturerID` VARCHAR(36) NULL DEFAULT NULL,
  `dealerID` VARCHAR(36) NULL DEFAULT NULL,
  PRIMARY KEY (`userRoleID`),
  INDEX `roleID-idx` (`roleID` ASC) VISIBLE,
  INDEX `userID-idx` (`userID` ASC) VISIBLE,
  INDEX `manufacturerID-idx` (`manufacturerID` ASC) VISIBLE,
  INDEX `dealerID-idx` (`dealerID` ASC) VISIBLE,
  CONSTRAINT `userRoles-manufacturerID`
    FOREIGN KEY (`manufacturerID`)
    REFERENCES `autos-direct`.`manufacturers` (`manufacturerID`),
  CONSTRAINT `userRoles-roleID`
    FOREIGN KEY (`roleID`)
    REFERENCES `autos-direct`.`roles` (`roleID`),
  CONSTRAINT `userRoles-userID`
    FOREIGN KEY (`userID`)
    REFERENCES `autos-direct`.`users` (`userID`),
  CONSTRAINT `userRoles-dealerID`
    FOREIGN KEY (`dealerID`)
    REFERENCES `autos-direct`.`dealers` (`dealerID`))
ENGINE = InnoDB
DEFAULT CHARACTER SET = utf8mb4
COLLATE = utf8mb4_0900_ai_ci;


-- -----------------------------------------------------
-- Table `autos-direct`.`vehicle_images`
-- -----------------------------------------------------
DROP TABLE IF EXISTS `autos-direct`.`vehicle_images` ;

CREATE TABLE IF NOT EXISTS `autos-direct`.`vehicle_images` (
  `imageID` VARCHAR(36) NOT NULL,
  `vehicleID` VARCHAR(36) NOT NULL,
  `path` VARCHAR(100) NOT NULL,
  `imageOrder` INT NOT NULL,
  `altText` VARCHAR(100) NULL DEFAULT NULL,
  `uploadedAt` DATETIME NOT NULL DEFAULT CURRENT_TIMESTAMP,
  PRIMARY KEY (`imageID`),
  INDEX `vehicle_idx` (`vehicleID` ASC) VISIBLE,
  CONSTRAINT `vehicle`
    FOREIGN KEY (`vehicleID`)
    REFERENCES `autos-direct`.`vehicles` (`vehicleID`))
ENGINE = InnoDB
DEFAULT CHARACTER SET = utf8mb4
COLLATE = utf8mb4_0900_ai_ci;


SET SQL_MODE=@OLD_SQL_MODE;
SET FOREIGN_KEY_CHECKS=@OLD_FOREIGN_KEY_CHECKS;
SET UNIQUE_CHECKS=@OLD_UNIQUE_CHECKS;

-- Adjust the employeeID reference for advice_requests

ALTER TABLE `autos-direct`.`advice_requests` 
DROP FOREIGN KEY `adviceRequests-employeeID`;
ALTER TABLE `autos-direct`.`advice_requests` 
ADD INDEX `adviceRequests-employeeID_idx` (`employeeID` ASC) VISIBLE,
DROP INDEX `employeeID-idx` ;
;
ALTER TABLE `autos-direct`.`advice_requests` 
ADD CONSTRAINT `adviceRequests-employeeID`
  FOREIGN KEY (`employeeID`)
  REFERENCES `autos-direct`.`users` (`userID`);

INSERT INTO manufacturers (manufacturerID, manufacturerName, ABN, country, manufacturerStatus)
VALUES 
	('5444c7e1-4e87-48d2-9adf-45430fa3ceb0', 'General Motors', '12345678987' , 'USA', 'Active'),
	('59a87656-618a-4683-9f9b-bbf61047fb87', 'Mitsubishi Motors Corporation', '29387487265' , 'Japan', 'Active'),
	('61332e03-d464-4db7-ae9d-1e7020bb7c47', 'Volkswagen Group', '98765432112', 'Germany', 'Active'),
	('6737c344-3d52-11f0-ac84-10ffe033a959', 'Polestar Performance AB', '12345678901', 'Sweden', 'Active');

INSERT INTO makes (makeID, manufacturerID, makeName)
VALUES 
	('31cef30a-6d27-41af-b254-c8e1f467608f', '59a87656-618a-4683-9f9b-bbf61047fb87', 'Mitsubishi'),
	('692c6fe5-7360-4fea-bda1-53198d715629', '61332e03-d464-4db7-ae9d-1e7020bb7c47', 'Subaru'),
	('fd5d0bf8-5081-48dc-ba5c-18628b6e2c00', '6737c344-3d52-11f0-ac84-10ffe033a959', 'Polestar'),
	('017dfea5-5081-9abd-39de-1628b6de2c00', '61332e03-d464-4db7-ae9d-1e7020bb7c47', 'Volkswagen');

INSERT INTO roles (roleID, label)
VALUES
	('a18e5017-31fe-4f2b-b8c9-428c53e4159f', 'Administrator'),
	('51b08f1e-7858-4f6a-8bae-22da44ad6925', 'Customer'),
	('ffa43c74-e167-428f-8095-913669af4004', 'Manufacturer'),
	('f717e308-64de-4a7a-a050-892221e982bf', 'Employee');

INSERT INTO users (userID, firstName, lastName, emailAddress, passwordHash, phone, createdTime, streetNo, streetName, suburb, postcode, user_status)
VALUES
	('1b5d88f8-c058-41ab-a185-e11360c5ec72','employee','1','employee1@autosdirect.com.au','$2b$12$Gmtk4Gyhl0CHOo3L1KMrPe9R9sBxtFMh8c6/4LE1N/xcLqktqxGS6','123456789','2025-06-10 15:46:18','123','employee st','Sydney',2174,'Active'),
	('857d4e08-18ed-4e6f-921c-271774ba9fa3','employee','2','employee2@autosdirect.com.au','$2b$12$XJ2LRvp/gq6zhu8PWREdMOzoAEFJzqPHHYHvjtNkIuHRmHaOlN3hG','123456789','2025-06-10 15:56:46','2222','Employee the Second','The Burbz',2310,'Active'),
	('c02f8a8f-af44-47e7-8dba-d140fc1c857d', 'simon', 'tang', 'simon.tang@gmail.com', '$2b$12$OcbGGwPN4I26Nc82MNBnhuGfZV6hmyidPUCHejUgDHQ7TE2CDOuKy', '123', '2025-05-20 12:20:30', '123', 'password is 123', 'sydney', '1123', 'Active'),
	('42275d22-49f4-4232-90bb-bce2b4922c55', 'test1', 'test2', 'test@test.com', '$2b$12$3pjxsgvMYV6OgLShE1yCdeBDIxQVGl81Mz03ICkcbWVAfytRe9efS', '123', '2025-05-24 15:46:01', '123', 'password is 123', 'suburb', '1234', 'Active'),
	('53608f0c-70ab-4220-b81b-fe3b55205065', 'cust', 'gmail', 'cus@tomer.com', '$2b$12$xE1MFEsDE3TG7KDjmAV.du2xJT20FWpbtTxSz2haovxsSf5B4IUXe', '123', '2025-05-29 14:22:14', '123', 'password is 123', 'suburb', '1235', 'Active'),
	('385196e3-49af-4dea-8d68-de6ab5ddb336','Ekagra','Prasad','ekagra@autosdirect.com.au','$2b$12$4jjd7s2uHzqvC3KbWjK6..1OvI9Za1m7juMEDBqlBVl56qUn4H/eC','0423698523','2025-06-10 13:54:22','1','Test Street','Sydney',2000,'Active'),
	('77e1a2ef-5a0a-4ab0-a530-88a52d2a9861','Mitchell','Newbold','mitchell@autosdirect.com.au','$2b$12$1IXoM/5h7JZbEhgbTOYHneUwqKmCVHuM7Ex2nUXu1Hm4Flx/bihSe','0425323281','2025-06-10 13:18:08','222','Test Street','Sydney',2000,'Active'),
	('b8713b3f-b86b-461f-824d-aebf9a61e87f','Marvis','Leung','marvis@test.com','$2b$12$gZIwVKKelrt2e/9o5VLqT.M7JwrOzMdlOnnRZ6iFr6xD6x2mgybeO','0412341234','2025-06-10 08:50:51','23','Hass','Parade',2000,'Active'),
	('b9bc300b-2b94-4358-a37b-4439e211d6fc','Elwin','Ansulam','elwin@autosdirect.com.au','$2b$12$8IDDqkstK.WqCogmie0..e5geDCjDL3CIpmIl7VAifx/K.Cp34gqK','0478632598','2025-06-10 13:55:07','222','Pitt Street','Sydney',2000,'Active'),
	('bcbabd5e-bc59-45dd-9b24-39e29b49c81e','Mitchell','Newbold','mitchell.newbold@hotmail.com','$2b$12$pfhr.RWnM.69B1yzJZrLHuaP8ekbwN4i1BZGY79vMDnRmv7R6z.x6','0425323281','2025-06-10 03:57:38','133','Great Western Highway','Blaxland',2774,'Active'),
	('3dfce01b-58fa-416f-bd93-7f086c1e1282','Paul','Miller','paul@autosdirect.com.au','$2b$12$W88u6b2ObKYz8HZzRcyPge/CKI0snq9rmz72Fr3Q2II3X/mVSjtbW','123456789','2025-06-10 15:58:00','999','Millers Street','Sydney',2000,'Active'),
	('c5af97c3-94ca-4026-9582-a249c55a3342','Admin','Strator','admin@autosdirect.com.au','$2b$12$912yQKWYXtmLWm48XgpfE.NIShgB0xxhXXg6CaU0OD0OnQoTPkJZK','123456789','2025-06-10 15:58:57','888','Adstra Street','Sydney',2000,'Active');

INSERT INTO user_roles (userRoleID, userID, roleID, manufacturerID, dealerID)
VALUES
	('d984c328-90c5-44c6-9190-0bfda3d9e529', 'c02f8a8f-af44-47e7-8dba-d140fc1c857d', 'a18e5017-31fe-4f2b-b8c9-428c53e4159f', NULL, NULL),
	('4d45107f-8221-4cb7-baa1-0f498cde9bd7', '42275d22-49f4-4232-90bb-bce2b4922c55', 'ffa43c74-e167-428f-8095-913669af4004', '59a87656-618a-4683-9f9b-bbf61047fb87', NULL),
	('426a110f-59ba-42ef-8ad2-826cfe7a9898', '53608f0c-70ab-4220-b81b-fe3b55205065', '51b08f1e-7858-4f6a-8bae-22da44ad6925', NULL, NULL),
	('62899ecb-eecd-4e5f-a9b0-d9f8a418fb2e','77e1a2ef-5a0a-4ab0-a530-88a52d2a9861','f717e308-64de-4a7a-a050-892221e982bf',NULL,NULL),
	('94733eec-83fe-4993-821c-bfdbc5f2d266','385196e3-49af-4dea-8d68-de6ab5ddb336','f717e308-64de-4a7a-a050-892221e982bf',NULL,NULL),
	('97e8e5b6-8161-420b-8166-4b21dd4ca495','bcbabd5e-bc59-45dd-9b24-39e29b49c81e','51b08f1e-7858-4f6a-8bae-22da44ad6925',NULL,NULL),
	('aa743933-bef8-4982-b82e-dd57cd171e90','b9bc300b-2b94-4358-a37b-4439e211d6fc','f717e308-64de-4a7a-a050-892221e982bf',NULL,NULL),
	('ddd76ca9-0bce-47fd-9066-056f0fb503f2','b8713b3f-b86b-461f-824d-aebf9a61e87f','51b08f1e-7858-4f6a-8bae-22da44ad6925',NULL,NULL),
('457bd5b4-95db-4b0f-9a17-c2f0fec1e311','3dfce01b-58fa-416f-bd93-7f086c1e1282','a18e5017-31fe-4f2b-b8c9-428c53e4159f',NULL,NULL),
('5a660cf6-46a7-42b6-bc4a-3235d6e95edd','c5af97c3-94ca-4026-9582-a249c55a3342','a18e5017-31fe-4f2b-b8c9-428c53e4159f',NULL,NULL),
('8ddd9a86-7e84-4edf-9b1a-ad3f307f3aca','1b5d88f8-c058-41ab-a185-e11360c5ec72','f717e308-64de-4a7a-a050-892221e982bf',NULL,NULL),
('c92e384f-9fa7-47a8-ac5a-52a643a71d0b','857d4e08-18ed-4e6f-921c-271774ba9fa3','f717e308-64de-4a7a-a050-892221e982bf',NULL,NULL);

INSERT INTO vehicles (vehicleID, makeID, modelName, bodyType, fuel, driveType, cylinders, doors, description, price, colour, transmission, approvalStatus, deletedStatus)
VALUES
	('c98cb7ed-b00f-4180-9ed8-a5be2cb2e8b5','31cef30a-6d27-41af-b254-c8e1f467608f','Pajero Sport', 'SUV', 'Diesel', '4x4', 6, 4, 'Info', 59000, 'Red', 'Automatic', 'Approved', 'Active'),
	('49e2b246-6b73-4155-8261-b630be438d23','fd5d0bf8-5081-48dc-ba5c-18628b6e2c00','Polestar 4','Sedan','Electric','4x4',0,4,'Polestar 4',55000,'Grey','Automatic','Approved','Active'),
	('146d32e0-2c1a-428c-a5d2-10ef85f592ab','692c6fe5-7360-4fea-bda1-53198d715629','BRZ','Coupe','Petrol','Rear Wheel Drive',4,2,'Subaru\'s fastest car yet!',50000,'White','Manual','Approved','Active'),
	('5b69b84a-d79e-44e5-8ca2-095db299cd46','692c6fe5-7360-4fea-bda1-53198d715629','BRZ (Delete Example)','Coupe','Petrol','Rear Wheel Drive',4,3,'This example is for deleting demonstration.',40000,'Black','Manual','Pending Approval','Active'),
	('5da27a98-259c-4d73-9d25-9e070c766e42','31cef30a-6d27-41af-b254-c8e1f467608f','Triton','Ute','Diesel','4x4',4,4,'A rugged vehicle for all terrains. Suitable for work and play!',65999,'Blue','Manual','Approved','Active'),
	('6d3533bf-0bfd-49cb-a504-e11aaba355ca','017dfea5-5081-9abd-39de-1628b6de2c00','Transporter T7','Van','Diesel','Front Wheel Drive',4,4,'A well rounded people-mover.',96990,'Orange','Automatic','Approved','Active'),
	('8e6e3080-9f01-499f-9855-64610a3cd338','692c6fe5-7360-4fea-bda1-53198d715629','Crosstrek','SUV','Petrol','4x4',4,5,'A great family car that can tackle any needs.',38990,'White','Automatic','Approved','Active'),
	('929b5202-ee9b-478e-9d31-b60edfcfbd30','31cef30a-6d27-41af-b254-c8e1f467608f','ASX','SUV','Hybrid','Front Wheel Drive',4,4,'A fantastic, compact family car.',45000,'Red','Automatic','Approved','Active'),
	('99841635-3ac0-4f04-8b82-27bed4a29d9a','692c6fe5-7360-4fea-bda1-53198d715629','Outback','Wagon','Petrol','4x4',4,4,'The perfect family car with the ability to tackle rugged terrains.',57000,'Green','Manual','Approved','Active'),
	('ba667c72-0fcd-4a78-80bc-c593f90d2504','31cef30a-6d27-41af-b254-c8e1f467608f','Mirage','Hatchback','Petrol','Front Wheel Drive',3,4,'A compact hatchback for those who need to zip about town.',17990,'Silver','Automatic','Approved','Active'),
	('c9095c34-ed45-4f15-a7a0-4b5537187be2','fd5d0bf8-5081-48dc-ba5c-18628b6e2c00','2','Coupe','Electric','Rear Wheel Drive',0,4,'Achieve a long trip range while remaining environmentally conscious.',83990,'Silver','Automatic','Approved','Active');

INSERT INTO vehicle_images(imageID, vehicleID, path, imageOrder, altText, uploadedAt)
VALUES
	('1cd86305-33c4-42d6-859d-8b0dc1e95c7d', 'c98cb7ed-b00f-4180-9ed8-a5be2cb2e8b5', 'images-1748331217145-450598682.jpg', '1', NULL, '2025-05-27 17:33:44'),
	('8b2c7651-dcd4-4fd9-b7bd-e7ea638dc6f7', 'c98cb7ed-b00f-4180-9ed8-a5be2cb2e8b5', 'images-1748331217146-925386797.avif', '2', NULL, '2025-05-27 17:33:44'),
	('c7390fcb-0b71-4ec3-b188-a4dbd2b85f45', 'c98cb7ed-b00f-4180-9ed8-a5be2cb2e8b5', 'images-1748331217152-378043651.webp', '3', NULL, '2025-05-27 17:33:44'),
	('2ebefdba-01cc-4efc-a046-46f06287e83e', '49e2b246-6b73-4155-8261-b630be438d23', 'images-1748600614755-55740639.png', '1', NULL, '2025-05-27 17:33:44'),
	('7c748c59-4421-4263-9a7b-c18bf6ded6c9', '49e2b246-6b73-4155-8261-b630be438d23', 'images-1748600614757-613145342.png', '2', NULL, '2025-05-27 17:33:44'),
	('6e1acdb3-5193-484b-8971-914193ceec38', '49e2b246-6b73-4155-8261-b630be438d23', 'images-1748600614758-237755857.png', '3', NULL, '2025-05-27 17:33:44'),
	('86796291-01b7-409a-8e2a-914e83f6266f', '49e2b246-6b73-4155-8261-b630be438d23', 'images-1748600614760-711648236.png', '4', NULL, '2025-05-27 17:33:44'),
	('802932b0-7140-448d-887a-9ddda8d3e0e8', '49e2b246-6b73-4155-8261-b630be438d23', 'images-1748600614761-735032226.png', '5', NULL, '2025-05-27 17:33:44'),
	('4a9b7a6f-0a95-4056-8ec4-72ca4a992c64', '49e2b246-6b73-4155-8261-b630be438d23', 'images-1748600614763-411196397.png', '6', NULL, '2025-05-27 17:33:44'),
	('9bf78bc8-819c-4388-8e65-f71e7013fbf7', '49e2b246-6b73-4155-8261-b630be438d23', 'images-1748600614764-323294464.png', '7', NULL, '2025-05-27 17:33:44'),
	('da859f91-814e-4014-aa3a-7d06a3204a72', '49e2b246-6b73-4155-8261-b630be438d23', 'images-1748945790382-290372374.png', '8', NULL, '2025-05-27 17:33:44'),
	('05b81d19-6f80-410d-aeb9-d543cd31960e','5da27a98-259c-4d73-9d25-9e070c766e42','images-1749558247620-251046995.jpg',1,NULL,'2025-06-10 12:24:07'),
	('08a3f372-3ab0-49cc-b184-ac9e3a294985','c9095c34-ed45-4f15-a7a0-4b5537187be2','images-1749558456872-388473771.jpg',2,NULL,'2025-06-10 12:27:37'),
	('1587ce4f-50a3-4e83-a9c8-f20ba5e93411','5b69b84a-d79e-44e5-8ca2-095db299cd46','images-1749561238563-762360268.jpg',1,NULL,'2025-06-10 13:13:58'),
	('1ad4ea02-274e-4fe2-a201-435ecf99bef9','99841635-3ac0-4f04-8b82-27bed4a29d9a','images-1749558709832-283756767.png',1,NULL,'2025-06-10 12:31:49'),
	('1bacb66c-3776-41fc-b838-3b42bdeeae5e','8e6e3080-9f01-499f-9855-64610a3cd338','images-1749559688961-913985663.png',1,NULL,'2025-06-10 12:48:08'),
	('1c6999e9-3b25-4af9-9669-fa61c492469f','6d3533bf-0bfd-49cb-a504-e11aaba355ca','images-1749559203435-654027546.avif',1,NULL,'2025-06-10 12:40:03'),
	('271a5fb9-de70-4572-8cf2-563581778386','146d32e0-2c1a-428c-a5d2-10ef85f592ab','images-1749558554938-329522650.jfif',3,NULL,'2025-06-10 12:29:14'),
	('324a3768-c1bb-4498-8f18-3ac2d646814d','ba667c72-0fcd-4a78-80bc-c593f90d2504','images-1749559373176-588878753.jpg',1,NULL,'2025-06-10 12:42:53'),
	('32951531-b172-43d5-9a48-7661c9f2ccc4','929b5202-ee9b-478e-9d31-b60edfcfbd30','images-1749558607209-838018881.jpg',2,NULL,'2025-06-10 12:30:07'),
	('3aebdd4f-ba69-4fdb-89cb-9f96556755ba','c9095c34-ed45-4f15-a7a0-4b5537187be2','images-1749558456616-393376312.jpg',1,NULL,'2025-06-10 12:27:37'),
	('417854f7-c955-4dda-ad63-0b0b80d34a72','6d3533bf-0bfd-49cb-a504-e11aaba355ca','images-1749559203503-13548194.avif',2,NULL,'2025-06-10 12:40:03'),
	('4b7027da-1830-4145-abe4-66ecc179e8df','929b5202-ee9b-478e-9d31-b60edfcfbd30','images-1749558607154-715698567.jpg',1,NULL,'2025-06-10 12:30:07'),
	('5c937acb-4143-4164-920f-bead7aa267c4','146d32e0-2c1a-428c-a5d2-10ef85f592ab','images-1749558554918-706219900.png',1,NULL,'2025-06-10 12:29:14'),
	('6f1b687f-a5ba-4e23-ab29-c4eb1567cfce','8e6e3080-9f01-499f-9855-64610a3cd338','images-1749559688980-180927746.webp',2,NULL,'2025-06-10 12:48:08'),
	('71b6d7de-141b-4032-a2ce-204a43c56d9e','ba667c72-0fcd-4a78-80bc-c593f90d2504','images-1749559373187-366583204.jpg',2,NULL,'2025-06-10 12:42:53'),
	('73e1b435-7832-4443-9ea2-d766def99083','146d32e0-2c1a-428c-a5d2-10ef85f592ab','images-1749558554937-707161541.jfif',2,NULL,'2025-06-10 12:29:14'),
	('803202ee-3976-4f7d-a5f9-7030caa9f2fa','c9095c34-ed45-4f15-a7a0-4b5537187be2','images-1749558457085-726227372.jpg',3,NULL,'2025-06-10 12:27:37'),
	('9f2f64e7-a7a3-45b7-b729-4c78270a3909','5da27a98-259c-4d73-9d25-9e070c766e42','images-1749558247666-810052742.avif',2,NULL,'2025-06-10 12:24:07'),
	('a37abbe3-2b11-4db7-bbc4-e8295ab15ad9','5b69b84a-d79e-44e5-8ca2-095db299cd46','images-1749561238578-144964201.jpg',2,NULL,'2025-06-10 13:13:58'),
	('a7ca33f0-3eb8-42e1-8d37-4f15edf630d7','5da27a98-259c-4d73-9d25-9e070c766e42','images-1749558247709-99445055.jpg',3,NULL,'2025-06-10 12:24:07'),
	('b0a7df6b-6001-4705-bccf-a29d3c0a1f2c','929b5202-ee9b-478e-9d31-b60edfcfbd30','images-1749558607238-630487293.jpg',3,NULL,'2025-06-10 12:30:07'),
	('bbaeea28-76d8-484f-8fb0-3f0055ae1cb7','99841635-3ac0-4f04-8b82-27bed4a29d9a','images-1749558709968-980418111.avif',2,NULL,'2025-06-10 12:31:49');

INSERT INTO dealers (dealerID, manufacturerID, dealerName, address, latitude, longitude)
VALUES
	('360cd0f5-3d53-4d4e-8d65-ce470b4a294c','61332e03-d464-4db7-ae9d-1e7020bb7c47','Volkswagen Test dealer','734 Pacific Hwy, Chatswood NSW 2067, Australia',-33.795542,151.177882),
	('3a257f86-7d29-4b76-8ae2-eb23707fae29','61332e03-d464-4db7-ae9d-1e7020bb7c47','Volkswagen Test dealer 3','14/18 Church St, Parramatta NSW 2150, Australia',-33.823381,151.004975),
	('938efbc3-c400-4607-a8c0-fc2e89cb3089','6737c344-3d52-11f0-ac84-10ffe033a959','Polestar Dealership','11 The Boulevarde, Strathfield NSW 2135, Australia',-33.873225,151.093107),
	('a1413d77-fe67-4867-8b16-c179bac1b10b','59a87656-618a-4683-9f9b-bbf61047fb87','Mitsubishi Dealership','58 Church St, Parramatta NSW 2150, Australia',-33.821351,151.004648),
	('ca44a75e-1990-4163-a598-2373578fb8bc','61332e03-d464-4db7-ae9d-1e7020bb7c47','Volkswagen Test dealer 2','141 Hume Hwy, Chullora NSW 2190, Australia',-33.895005,151.053276);

INSERT INTO `purchases` 
VALUES 
	('dccbb1ea-e97c-4afb-b512-7383b94abda6','c02f8a8f-af44-47e7-8dba-d140fc1c857d','49e2b246-6b73-4155-8261-b630be438d23','Cancelled','2025-06-10 10:21:42','Unpaid',NULL,'Pending Delivery',NULL,'canceleled');

INSERT INTO `advice_requests` 
VALUES 
	('1a7da5f0-b6cd-4c21-8f5d-32cb229d82fc','bcbabd5e-bc59-45dd-9b24-39e29b49c81e',NULL,'49e2b246-6b73-4155-8261-b630be438d23','Pending','How many kilometers can I get off a single charge on this?','2025-06-10 13:59:47',NULL,NULL),
	('7c9aee4c-d79c-4d0e-bbf1-e4ab54f6a959','c02f8a8f-af44-47e7-8dba-d140fc1c857d',NULL,'c98cb7ed-b00f-4180-9ed8-a5be2cb2e8b5','Pending','some advice please','2025-06-10 10:24:46',NULL,NULL),
	('9c73118f-2942-4ed2-98ec-d65d51276739','bcbabd5e-bc59-45dd-9b24-39e29b49c81e','385196e3-49af-4dea-8d68-de6ab5ddb336','99841635-3ac0-4f04-8b82-27bed4a29d9a','In Progress','What is the towing capacity of the Subaru Outback?','2025-06-10 14:00:24',NULL,NULL);